dataset;colCounts_entropy;colCounts_gini;colCounts_kurtosis;colCounts_max;colCounts_mean;colCounts_median;colCounts_min;colCounts_mode;colCounts_sd;colCounts_skewness;colMeans_entropy;colMeans_gini;colMeans_kurtosis;colMeans_max;colMeans_mean;colMeans_median;colMeans_min;colMeans_mode;colMeans_sd;colMeans_skewness;colSums_entropy;colSums_gini;colSums_kurtosis;colSums_max;colSums_mean;colSums_median;colSums_min;colSums_mode;colSums_sd;colSums_skewness;nitems;nratings;nusers;ratings_entropy;ratings_gini;ratings_kurtosis;ratings_max;ratings_mean;ratings_median;ratings_min;ratings_mode;ratings_sd;ratings_skewness;rowCounts_entropy;rowCounts_gini;rowCounts_kurtosis;rowCounts_max;rowCounts_mean;rowCounts_median;rowCounts_min;rowCounts_mode;rowCounts_sd;rowCounts_skewness;rowMeans_entropy;rowMeans_gini;rowMeans_kurtosis;rowMeans_max;rowMeans_mean;rowMeans_median;rowMeans_min;rowMeans_mode;rowMeans_sd;rowMeans_skewness;rowSums_entropy;rowSums_gini;rowSums_kurtosis;rowSums_max;rowSums_mean;rowSums_median;rowSums_min;rowSums_mode;rowSums_sd;rowSums_skewness;sparsity
amazon-apps.csv;1.99192179897093;0.90714842325114;1454.33334343743;25370;43.0555519289771;3;1;1;379.869176280123;31.971689190439;0.0969471007208943;0.2272510330375;-0.963799325623587;5;3.19574598071528;3.33333333333333;1;5;1.2738364678667;-0.313924623055642;2.13800112099501;0.923830377869051;1556.17702021112;111991;172.1323519812;10;1;5;1651.10214802136;33.2201863402054;61276;2638272;1323916;0.082701128251733;0.169126588395582;0.108337559329946;5;3.99635736610365;5;1;5;1.35340967357846;-1.19616391057749;0.329908947668832;0.405858135816049;3844.94276089794;565;1.99277899806332;1;1;1;3.13435476219655;35.1545270746839;0.0656826793095338;0.15543061639377;0.660466225711512;10;4.0256132183861;4.5;1;5;1.22761883786816;-1.24248288238069;0.372998077810267;0.446441157430712;4367.28206960855;2623;7.96695711812535;5;1;5;12.3440489357994;35.948944270287;0.999967478637671
amazon-automotive.csv;0.898127460294125;0.664680881322433;4373.62656467056;2738;4.29157112778573;1;1;1;18.8508339439162;46.452867012752;0.0550696267174262;0.139552699575733;1.16968129663836;10;4.13243360910675;4.63178947368421;1;5;1.15341754345333;-1.41448687307285;0.943247582801312;0.68493851602836;5264.40220307755;12958;17.9778016581593;5;1;5;81.365480312636;50.5988748181386;320114;1373792;851432;0.0698421667633021;0.143382262664982;0.912552210556547;5;4.18549746067741;5;1;5;1.28429968595085;-1.48845390600087;0.239638070746366;0.324817915769824;467.842427192259;182;1.6135075966137;1;1;1;1.89310441916403;12.7609475445633;0.0708121050124211;0.151861524004152;0.78769119945387;15;4.11470115941726;5;1;5;1.28299733506299;-1.35476949731203;0.318550851184381;0.401983523411562;502.999549884246;843;6.75913754709713;5;1;5;8.59191429545583;12.8303275083677;0.999994959584409
amazon-baby.csv;1.33765339780191;0.803010265877182;697.570316670225;3648;14.209704457966;2;1;1;60.9383935256353;19.7928944816281;0.0421589015747897;0.132142715607453;1.26576997322392;10;4.06479961280107;4.33333333333333;1;5;1.02433336482837;-1.25707289207377;1.37209153576998;0.810076395355864;767.729924972205;15457;58.5970601018254;10;1;5;262.46216125398;20.9426392821764;64424;915446;531891;0.0706334142773765;0.151721892184204;0.499268767466556;5;4.1177932888073;5;1;5;1.28949015318855;-1.33288670591125;0.277891036792485;0.356835472642259;248.333304555789;155;1.7211157925214;1;1;1;2.1584733897086;10.1410353596293;0.0691969065771936;0.154862621779233;0.792617730689917;20;4.07967255313777;5;1;5;1.27067077271657;-1.24736736406136;0.345546383375632;0.422647740522262;259.812494553064;724;7.09742597637485;5;1;5;9.32853691939037;9.99559775904519;0.999973284555561
amazon-beauty.csv;1.11716708642857;0.745841586718086;8325.18715898431;7533;8.1159210985546;2;1;1;36.0643219181261;54.1792255520706;0.0440061116414592;0.12845235982439;2.10150607302137;23;4.15180677525877;4.5;1;5;1.05088925535189;-1.40180661532468;1.13825501332262;0.752363798014595;9127.23428122928;32553;33.7404692846798;9;1;5;151.939824364329;56.9927535877807;249273;2023080;1210281;0.0731544542244489;0.14973235439661;0.583256648371886;5;4.1493995138487;5;1;5;1.31128519974186;-1.39208394339923;0.27405418015373;0.34513719008135;2197.23285468536;389;1.67157874906737;1;1;1;2.53187409047816;28.6258521950127;0.0715157925176423;0.152706744756763;1.38601227188875;40;4.12098914088652;5;1;5;1.29566098973007;-1.27555341459643;0.342546486155943;0.412243744851754;2258.84445197696;1718;6.94928533125778;5;1;5;10.9418138638232;28.2761473110736;0.999993294184492
amazon-cd.csv;1.02876581293049;0.72114909574918;921.055712657648;3036;7.7083956156024;2;1;1;29.3691851106849;21.8003245077192;0.0214176769918292;0.0870816417986137;8.45375539667197;20;4.43692781324751;4.66666666666667;1;5;0.810894645124807;-1.22824377249298;1.03827131287808;0.725183383906466;783.599066997423;9217;34.2004868811438;10;1;5;129.394036518928;20.8369164880858;486361;3749063;1578634;0.0418478335297838;0.104477691794929;2.936851108597;5;4.40246095325613;5;1;5;1.05223458847505;-1.92181876332021;0.637280925777515;0.521113730018635;33783.8878253677;5755;2.37487790076737;1;1;1;14.7654934975397;133.162564560851;0.0377795335142529;0.0972317220560816;20644.2849335452;480;4.49319144334449;5;1;5;1.1253280935576;50.5384712438034;0.649056845019788;0.539032064315288;29280.5859160108;23151;10.5368204409636;5;1;5;63.7454688883745;125.243141707452;0.999995117047007
amazon-clothes.csv;1.02800005019025;0.705828189575526;2241.69033835542;3047;5.06064943433298;1;1;1;23.2602310569053;33.0818936770425;0.0465754227270221;0.134718078931796;1.11351166797431;5;4.10592083982792;4.5;1;5;1.07556837552298;-1.32995216668476;1.06345199974434;0.720804725883502;2393.06988156533;14221;20.9747685747585;5;1;5;98.9190797865036;34.2391523785735;1136004;5748918;3117268;0.0628744326963395;0.144636577009741;0.687721999513997;5;4.14467922485588;5;1;5;1.23310360995708;-1.35622367302494;0.29365670197353;0.377699174098103;804.537937275929;349;1.84421679496277;1;1;1;2.44808874424469;15.562587030442;0.0590537402422568;0.145409553406714;0.816915110695488;5;4.10088093177588;4.66666666666667;1;5;1.18777828638421;-1.3428288548723;0.352259600518179;0.432236920504002;779.798321090169;1340;7.64368703621251;5;1;5;10.6161062592369;15.3495594991816;0.999998376575439
amazon-digital-music.csv;0.908598029778698;0.628733433805448;2815.05966153915;1953;3.13799846856045;1;1;1;17.5324127871068;40.1110111661074;0.0224834436876932;0.067192228998694;8.63582815937452;12.5;4.6239119943805;5;1;5;0.803838193002504;-2.7785907085554;0.904697667934836;0.636057157961094;3005.84902472391;9087;14.3061527836166;5;1;5;77.772022788944;40.6387133201067;266416;836013;478242;0.0338533324878431;0.0833762195461922;5.19312756543154;5;4.53932830496989;5;1;5;0.960080657046581;-2.3905824859838;0.345062361749253;0.377957952258192;14115.1504039661;1126;1.74809615215728;1;1;1;4.22705563958139;77.4233240120159;0.0338590062397906;0.0838887045406989;15.8323843892301;40;4.56252117927282;5;1;5;0.981599464584846;-1.55598289425711;0.370307413949881;0.409203841387895;7225.21224225983;3753;7.96958025434822;5;1;5;18.1537856115226;56.4608317208771;0.999993438471593
amazon-food.csv;1.08665972575411;0.734712359259917;5149.23770476098;6340;7.81207128102284;2;1;1;41.1113266858079;52.4442207720382;0.0435236443360515;0.124858699917528;1.87571490054752;12.5;4.19422028092948;4.56862745098039;1;5;1.04820274186995;-1.53541215658935;1.12567585139875;0.745909812808463;4657.0675492833;26252;33.4257228375099;9;1;5;181.161524957517;51.135596132422;166047;1297171;768449;0.0646325278027464;0.133405609857752;1.23827603626454;5;4.25504066262289;5;1;5;1.25309796721381;-1.59399648442627;0.311827102064484;0.357880284409386;3483.45624603771;518;1.68803785286987;1;1;1;3.3271886999923;39.1264742954712;0.0655807758957743;0.138222341741499;2.58291895424302;22.5;4.24426427092998;5;1;5;1.27319882432597;-1.27137576809537;0.374026055982181;0.419299179048511;4419.642543972;2484;7.22265368293798;5;1;5;14.8251274844658;43.4925185130838;0.999989833975604
amazon-games.csv;1.3081687747153;0.795593140279089;5038.80551118896;16222;26.3843258315077;5;1;1;132.051587473818;51.4676513843347;0.0472845953194321;0.148263306735587;0.584470081082693;10;3.77294080306535;4;1;5;1.02491427667259;-0.934398076726255;1.36583597259729;0.807291678301208;6157.72657192264;72637;105.225014937263;18;1;5;559.20417441693;57.6869163299425;50210;1324757;826772;0.086228793211407;0.173519219004091;-0.0542705504502776;5;3.97895502638529;5;1;5;1.37893478055338;-1.15202487465455;0.279148064178708;0.332398950586799;18400.9086865189;880;1.60232446188308;1;1;1;3.23915904777237;89.4994968743058;0.087799375442396;0.178847498699783;0.452663647921642;30;3.94465836781173;4.5;1;5;1.38803447908793;-1.00927852740211;0.364356905178836;0.419700696148768;16715.2286621461;3761;6.39033252214638;5;1;5;13.1373313783022;82.7071950198391;0.999968087543081
amazon-garden.csv;1.16910760916092;0.761632507876028;1013.82965799357;3180;9.3738383009237;2;1;1;37.1582734255773;21.84152901515;0.0607024639608023;0.159613377168388;0.322935511103755;10;3.91755078765182;4.2;1;5;1.17473522454344;-1.0802466172512;1.21885937704786;0.774234068567616;1265.82717021266;14454;37.5845150820384;8;1;5;155.699613276146;24.1867093698823;105987;993505;714804;0.0887387296022194;0.172351427081654;-0.0345773684564654;5;4.00637847210349;5;1;5;1.40058636983002;-1.18984059895032;0.160139251812104;0.245638185360783;855.440354818703;161;1.38989848965591;1;1;1;1.31424799356882;16.3370994797571;0.088087901134347;0.177225269762861;-0.025406461369871;15;3.95887987119772;5;1;5;1.38897692804481;-1.10646284490292;0.252900034671111;0.351930419405918;760.74215950239;642;5.5728143658961;5;1;5;5.88835471386684;15.0479071046917;0.999986886141794
amazon-health.csv;1.314353108517;0.794523739151488;6534.77582192898;11365;11.8191884404884;2;1;1;66.261608195866;56.4523719470517;0.0521314658059886;0.144199548017405;0.876908714818944;5;4.0228888529465;4.33333333333333;1;5;1.11103319036564;-1.26491440823743;1.35326036362274;0.803210383143273;8206.84629135972;52494;48.5529170249951;9;1;5;287.228484249298;63.7724404934381;252329;2982324;1851131;0.0774233076486177;0.156134902463938;0.403267526337189;5;4.10797384858251;5;1;5;1.33644862943238;-1.33537927084875;0.254636694787747;0.3275489199671;1940.91964961625;348;1.61108208981428;1;1;1;2.3667995554749;27.9727150726229;0.0766118472450681;0.161302216978181;0.3290564282141;5;4.05233550497124;5;1;5;1.31901841124277;-1.2780294366631;0.334052118606479;0.406083694281214;2069.95494312973;1568;6.61828309287675;5;1;5;10.3191625890603;28.1228322722077;0.999993615152877
amazon-home.csv;1.3525740716107;0.799788802591793;1846.4995126596;6690;10.3693429731719;2;1;1;57.2732941143367;31.8387546539234;0.0502747205283402;0.140433439786975;1.03269793571653;15;4.07124333479011;4.4390243902439;1;5;1.1054709201866;-1.28107119850469;1.38528789777008;0.80758991914174;2113.71437781958;31756;42.5725352353001;7;1;5;242.217425977009;33.5021893141167;410242;4253940;2511622;0.0770188231274872;0.156672254067951;0.398891896923852;5;4.09960285706305;5;1;5;1.33172857373687;-1.32662582330155;0.264613356914015;0.346201686018423;1514.5509331465;367;1.69370231667026;1;1;1;2.28053930276511;21.7630147019173;0.0780735879506079;0.166117596416863;0.534708785518498;32;4.01675409839615;4.75;1;5;1.32814480865773;-1.16216549625626;0.352659519145466;0.426315767981664;1611.53405618495;1662;6.95369048367944;5;1;5;10.181890359258;22.0699767261456;0.999995871455588
amazon-instant-video.csv;1.7608480355419;0.873387397707142;1508.70256595023;12633;24.3671757636455;3;1;1;205.836988319803;33.2313234277036;0.0683081542650201;0.175003507576595;122.314103182352;51;3.77650283933066;4;1;5;1.29441098288312;3.25263663526745;1.86615644892304;0.889523281150542;1358.50676915846;51228;105.518652979469;10;1;5;915.075544490516;31.7434437956874;23964;583935;426923;0.0540686826363419;0.120625313764523;1.98014182471018;5;4.31620551335666;5;1;5;1.16345713165847;-1.74694299892109;0.15763367878425;0.237496946343383;5742.72653919445;277;1.36777592212179;1;1;1;1.50075893724133;45.1436479599133;0.0492591646120703;0.115087992666581;36.7463422810167;60;4.35925361017243;5;1;5;1.14221565349359;-0.697164887310771;0.19395928429486;0.291897402641595;5840.71179005411;1253;5.9229626888221;5;1;5;6.46526907467622;44.3769919547179;0.999942923722162
amazon-instruments.csv;1.00569669825506;0.706582317603215;3865.07789200855;3523;6.0229390939961;2;1;1;28.294093702881;44.0814688125584;0.0372187611077016;0.116514613381762;2.66901554646861;15;4.23490420427145;4.52941176470588;1;5;0.989648397381578;-1.49291863290132;1.03105939697781;0.715745632387604;4756.69112300958;16653;25.5944295932375;8;1;5;125.77212262113;49.3674344606475;83046;500181;339235;0.0591714587907752;0.131294396634765;1.4219476855119;5;4.2443663448386;5;1;5;1.20342449354269;-1.59490977142636;0.220183729531116;0.286547174010146;14163.143957863;483;1.47443807390157;1;1;1;2.34258823866346;79.8900768939551;0.0612494296615851;0.137879312228614;1.45180471008957;15;4.19864956447266;5;1;5;1.21694587659783;-1.46691373793086;0.286834525413308;0.364539276283866;14136.1402905132;2277;6.26561233363303;5;1;5;10.5946374753506;79.1952362727652;0.999982245525686
amazon-kindle.csv;0.976715285695628;0.706488277007121;37732.6777903418;12226;7.45156456265584;2;1;1;38.2621793154602;140.946765345813;0.0434382545885047;0.128221896953898;1.71265593107176;5;4.11164069948948;4.42105263157895;1;5;1.03135882365908;-1.47517453422075;1.01258998828551;0.718415183422171;41958.3511144789;52751;31.4162763408791;10;1;5;165.132632839309;151.535595501689;409060;3048137;1371088;0.0521896310909037;0.129890190216725;1.38152170727161;5;4.216064435424;5;1;5;1.14229040225718;-1.50536636291772;0.55481148239132;0.4914940462812;13174.3553800483;2601;2.22315197857468;1;1;1;7.99434004163009;68.5915490925166;0.0549247577592652;0.135753789620812;1.25580860235953;5;4.17549019198897;5;1;5;1.15856319377208;-1.47672612140955;0.607328500384562;0.534135610908629;12554.7296742145;10472;9.37295199141122;5;1;5;34.6601505507812;68.057464939207;0.999994565217869
amazon-movies.csv;1.19943657853532;0.774421463718361;32.6912314458993;876;31.2628923766816;6;1;1;76.1953787724135;5.07085388414629;0.0368657352540933;0.129632898023677;3.96384093327506;12.5;3.97190811026064;4.125;1;5;0.973166976676121;-0.57120605894393;1.23755391212452;0.782363898207029;37.0559715639335;4096;128.774383408072;23;1;5;322.755744986768;5.32872947239898;3568;111546;72797;0.0698838161106594;0.154392328808867;0.455334111792653;5;4.07969064933451;5;1;5;1.27621340083719;-1.28573248191925;0.285960472997581;0.315766303553805;587.101005981837;144;1.53228841847878;1;1;1;2.85648480013099;19.5304194476753;0.0706640038482564;0.152757672754721;3.20618975788999;25;4.15352148070244;5;1;5;1.32219509234284;-0.839615815012047;0.337966933873795;0.3838303625004;605.331418683484;573;6.31161998434002;5;1;5;11.8611695921541;19.764623947225;0.999570546967915
amazon-office.csv;1.27695439253743;0.785001157987642;1495.00669868178;4398;9.56265528248914;2;1;1;44.5926481414148;27.218636005344;0.0570300342333696;0.151487223171101;0.635078183690429;15;4.00131148468772;4.33333333333333;1;5;1.15795028573758;-1.1720411883913;1.30387268528559;0.791849890820859;1730.81717012026;19122;38.1199107726626;7;1;5;183.721395628233;29.2311560572372;130005;1243193;909322;0.0919881705577714;0.176710601225778;-0.139491327841651;5;3.97936275966179;5;1;5;1.41782820085932;-1.15377139262131;0.166703846337147;0.239474482788052;1092.04733655737;187;1.3671647667163;1;1;1;1.51429029188067;20.8339290451459;0.0954950117302415;0.18676502064896;-0.142747177524418;15;3.90774888234562;4.75;1;5;1.43284924890624;-1.00057499692696;0.27532490297924;0.361630643882245;1170.86654055941;870;5.44997151724031;5;1;5;6.92261527560634;20.4536776340842;0.999989483752419
amazon-pet-supplies.csv;1.34286331257646;0.800295251076139;859.086049711862;4109;11.9600243978003;2;1;1;60.1285147250765;23.1856030611716;0.0490328221376962;0.14003190553284;1.06415673363411;10;4.05079940514519;4.33333333333333;1;5;1.0891709087933;-1.26106499296769;1.37760060916566;0.808137059638924;982.455156535172;19045;49.2965881806212;9;1;5;255.998549590968;24.6629053556584;103288;1235327;740995;0.0763614425648218;0.15558026287456;0.38124909236742;5;4.11114035739315;5;1;5;1.33153022889058;-1.32565114561956;0.257153310709138;0.340111010990547;530.957348962641;199;1.66711921133071;1;1;1;2.06928417595854;13.7478372557554;0.0749260115064656;0.160455473132487;0.851894067619503;25;4.06601542597558;5;1;5;1.31661214025315;-1.17394843640753;0.333826712476417;0.413663225233474;703.589015754255;996;6.87149845815424;5;1;5;9.10220452842396;14.71596637217;0.999983859507287
amazon-phones.csv;1.48784992248929;0.822222221366879;9434.13321532971;18688;10.7836128342045;2;1;1;85.9145582559712;67.5314233859568;0.0727888049006482;0.184513003098081;-0.273792301796403;19.8;3.68188074899989;4;1;5;1.2323891847779;-0.746758088831862;1.55060769371975;0.835887114409595;10733.8533725506;79365;41.17064099075;5;1;5;352.62495974343;72.9452542810017;319677;3447273;2261063;0.103831142597067;0.200012725984917;-0.6711555307494;5;3.81186629671679;4;1;5;1.46983566590536;-0.905996885521891;0.186010723985966;0.287654387215515;1300.89578596062;211;1.52462492199465;1;1;1;1.46932888936813;18.1142746673598;0.102174232475474;0.205932802938777;50.2906264207657;130;3.73759338956837;4;1;5;1.44986262727279;-0.193519535905661;0.297304513999354;0.397115386344783;1676.25157066729;1051;5.82084930848898;5;1;5;6.5271174161206;20.0975015226726;0.99999523073314
amazon-sports.csv;1.14763807662532;0.747357524197453;4312.45804155208;6016;6.82545453026826;2;1;1;33.0408051388996;42.3892746731655;0.0439773675477374;0.128664681675902;1.5873451801453;15;4.15380202068034;4.5;1;5;1.05281275186122;-1.41234744620897;1.17819395072177;0.757260568419769;3709.61809714376;22363;28.5203058669746;5;1;5;140.341429068018;40.288528487364;478901;3268717;1990532;0.0640232850872318;0.141473649923676;0.946420057743783;5;4.17481977555428;5;1;5;1.2391241692349;-1.45462431580732;0.255049906836808;0.33464773959498;1246.42555912043;403;1.64213235456652;1;1;1;2.12073975717742;18.2073321988972;0.0657027242770095;0.149501182034883;1.05027064835452;30;4.10583337700406;5;1;5;1.24304210858684;-1.31835989000078;0.328889348325906;0.408286177108184;1266.88774602784;1820;6.86168471544288;5;1;5;9.51475506272084;18.1093860672353;0.999996571040038
amazon-tools.csv;1.14029786779411;0.748875188649088;2660.44032794129;4770;7.38919516153164;2;1;1;33.6617066163364;34.6104929107773;0.0524366506938528;0.142128718167583;3.22486957253267;35;4.06646416669956;4.46153846153846;1;5;1.12333132048542;-1.21447128144842;1.1809393713374;0.761136573345391;2759.95320368921;20463;30.5529711003948;6;1;5;141.837136959068;34.9914227505846;260661;1926075;1212484;0.0735351657525144;0.151297082249954;0.611435725202829;5;4.13026034643709;5;1;5;1.30735047807355;-1.38892919064918;0.242535728926725;0.32003683466679;1346.70413274311;257;1.58853642604768;1;1;1;2.1053071970398;22.2872833841168;0.0750689080435254;0.159670743193065;0.68257791075174;25;4.06215941734483;5;1;5;1.31064149840631;-1.24095481032939;0.325292054987222;0.402742107419248;1402.98063671225;1224;6.56830770550373;5;1;5;9.38739992173896;22.1414591248673;0.999993905738004
amazon-toys.csv;1.04417777540519;0.723864761647686;30413.1711816374;10281;6.87459451871699;2;1;1;32.7164123058482;110.66989490134;0.0450398262809005;0.130871542158795;1.40357460549133;10;4.13779836169198;4.5;1;5;1.06205024762516;-1.39842154054209;1.07678959107266;0.733795311006075;42848.1167840138;50503;28.5513507905169;8;1;5;147.18386754378;137.817447824446;327697;2252784;1342924;0.0693603549421366;0.147167938448031;0.734141789450203;5;4.1499983366637;5;1;5;1.27902716878597;-1.41163909423022;0.277271659668579;0.346740244194438;51528.6379102236;1528;1.6775215872231;1;1;1;3.02535413848706;127.207675883908;0.074649262565841;0.160175009593972;0.516938017736416;15;4.05363200264492;5;1;5;1.30581544132583;-1.246939527504;0.365186473384046;0.428520591846182;76403.0065578887;7832;6.96703015211581;5;1;5;13.9697960852655;160.586168775476;0.99999488087597
bookcrossing.csv;0.567830690829667;0.506839860245104;1474.037131396;707;2.33190480287355;1;1;1;6.83465664060084;26.7650256871071;0.0188641596472174;0.0936093412908095;0.844564651747862;5;4.32864180827673;4.5;1;5;0.778610795299077;-1.10966366334228;0.596186388352605;0.536722153666138;1415.11803047442;3287;10.2266147592111;5;1;5;30.5903306134147;26.1783044237383;185972;433669;77803;0.0210903870437172;0.0930162189751039;0.828447267508889;5;4.38551983194556;5;1;5;0.826528071914625;-1.20600875892968;1.12323042251175;0.732559202949533;22061.5167536833;8524;5.57393673765793;1;1;1;44.0024381481221;127.381632307341;0.0170121343170182;0.0886940718117837;1.5230202628753;5;4.34544788240374;4.5;1;5;0.73925654532572;-1.22430993979505;1.14432396693367;0.742070415836312;20977.772373022;36373;24.4446101050088;5;1;5;196.457132671082;125.528457629946;0.999970028086284
flixter.csv;2.25407195256145;0.936258118613492;156.99303733503;34791;167.97298848219;5;1;1;934.487789572808;10.6137650588143;0.0563429941986377;0.145533945290605;1.36513140177033;5;3.56485223972813;3.75652884342143;1;4;1.01142910121509;-1.27058448755688;2.27934106509751;0.938175892769631;174.5397369088;136346;638.422408492847;21;1;1;3656.5696168001;11.1698443829501;48794;8196074;147612;0.0491832341276515;0.150615503396698;0.0644488789301398;5;3.80074447839295;4;1;4;1.06767965650663;-0.754840869823998;1.66656720177937;0.863819096986134;3497.92720842827;30977;55.5244424572528;4;1;1;225.810826841588;34.1930602093928;0.0378657067178205;0.133251565924297;0.810696446707811;5;3.90880403745446;4;1;5;0.958579612651149;-1.00268567577069;1.64891024947069;0.860257582687507;7786.45972780807;154799;211.034218085251;15;1;5;877.203156359563;53.5124374905675;0.99886206413786
jester1.csv;0.0688224718071778;0.193941168315333;-1.49988238549303;24981;18104.53;19880;8532;24977;6328.71917476438;-0.346145615475564;0.00704649830053447;0.0659334599679445;-0.267697411975305;3.91574563511132;3.21518162963515;3.26073114175397;2.09850189674018;3.23475776548538;0.376551282028487;-0.410608561592485;0.0811515214298101;0.224257977696609;-1.41033450767598;97784;58460.17;58217;22993;53215;22982.6721288655;0.112674391349852;100;1810453;24983;0.0993434505526891;0.226213267984465;-0.994218899429467;5;3.2290354955362;3;1;4;1.30434370073192;-0.287363087905244;0.0484360040172305;0.170760105619389;-1.3060513594492;100;72.4673978305248;72;36;100;21.8595977563964;-0.057325735581319;0.0202711693557326;0.109372605422924;0.150512991318431;5;3.22862208161251;3.24193548387097;1;3;0.628971347353163;-0.2210202707309;0.0688158228823659;0.208606788725825;-0.549621818385623;500;233.999799863907;224;36;155;85.8103901900374;0.407993857492448;0.275326021694752
jester2.csv;0.0669030942894498;0.191473056323878;-1.49305027417562;23499;17089.91;18647.5;8164;23497;5897.70538172228;-0.345518142738422;0.00647368489884278;0.0633205069149271;-0.388693757342727;3.86344099748925;3.18964556834403;3.24330208327583;2.16395091530879;3.23150835106726;0.358546764986974;-0.410101753260029;0.0774378657805439;0.219246369962772;-1.40909589014571;90787;54679.88;54796.5;22384;50111;20993.6618608781;0.0964825780869652;100;1708991;23500;0.10346334308892;0.231542115293413;-1.03776725639774;5;3.19954171789085;3;1;4;1.32067675147503;-0.260249685892486;0.0488902793156836;0.170912017103236;-1.30698838694546;100;72.7230212765957;72;36;100;21.9801489477047;-0.0888940403375884;0.0234187763522226;0.116620026443543;0.180104118904211;5;3.19965482018987;3.22;1;3;0.665694258641156;-0.255686903713959;0.072131720645844;0.212738251538444;-0.528382657449137;500;232.680340425532;222;36;203;87.0212264179371;0.394768580490792;0.272769787234043
jester3.csv;0.782244903404723;0.616496539203449;0.465218735326917;24934;6169.1;1984.5;1;24927;8115.51651424167;1.42010684003842;0.00785803801425428;0.0699675545660647;-0.511077387799123;3.88563829787234;3.1216447301153;3.17736540040212;2.12506513809276;3;0.386745711771195;-0.334267442647532;0.779890771852422;0.615229510443176;0.025623899760733;82149;19046.41;6108;3;228;24485.792879366;1.28469926106694;100;616910;24938;0.115695000242992;0.247481335470586;-1.15585729534501;5;3.08738876011088;3;1;4;1.35666508463806;-0.167736036125322;0.0269522029587288;0.132768859061081;-1.15701756162534;35;24.7377496190553;24;15;16;5.70510445186569;0.149147863800886;0.0278178635469727;0.1261913315485;0.0739343792814382;5;3.05528369732054;3.1;1;3;0.686999913678937;-0.323826637745062;0.063971817887167;0.198809321965019;-0.444198282573117;172;76.3750501243083;74;16;64;26.6933751643964;0.307423983817337;0.752622503809447
movielens100k.csv;0.759082845449939;0.628996099541491;6.55665048069144;583;59.4518430439952;27;1;1;80.3816691173624;2.30895091356146;0.0388234209552768;0.140422407333781;0.440047180392442;5;3.07605192294318;3.1615275142315;1;3;0.781670762045173;-0.698464214682088;0.855236664223886;0.66002092663188;8.19351173888883;2541;209.857312722949;80.5;1;1;308.473260401193;2.54867921238947;1682;99998;943;0.0621304374213868;0.174450883827581;-0.412840866051794;5;3.52987059741195;4;1;4;1.12568236198259;-0.510153090935246;0.367117695203159;0.471919894389404;4.74862151458173;737;106.042417815483;65;20;20;100.93260612971;1.89955059613557;0.00808320420324181;0.068756767436169;0.920456516148235;4.8695652173913;3.58821309368671;3.62068965517241;1.49195402298851;4;0.445232986342637;-0.443602761811275;0.356511114650617;0.465263164282753;2.81082104811513;2087;374.316012725345;233;41;89;343.620646116598;1.63438318266977;0.936954567291628
movielens10m.csv;1.36732329102052;0.805248783203658;45.627282193724;34864;936.597546127189;135;1;2;2487.32771940982;5.80954102179895;0.0159181522775692;0.0955486308010631;0.236572724261061;5;3.34330099892743;3.4140625;1;3;0.571250126508239;-0.595304871921375;1.42556532116093;0.817006967846698;55.7235926399389;147234;3385.64334550904;443;1;20;9547.1594550897;6.35361949864312;10677;10000052;69878;0.0530138031448411;0.159044098915437;-0.120979465544538;5;3.61483260287046;4;1;4;1.06395156449159;-0.593788962098407;0.563033003683192;0.570700796152763;73.0501548870119;7359;143.107301296545;69;20;20;216.712595665208;5.71685604354882;0.00707243018645132;0.0643560337014258;1.16437578861108;5;3.68530258576898;3.70409561084708;1;4;0.42733832829085;-0.498993497555647;0.547417934086214;0.563873655244244;66.3619926313408;24904;517.308938435559;255;20;80;754.756966733886;5.41798140954466;0.986596674974567
movielens1m.csv;0.776745341893472;0.633561236795921;10.654560823111;3428;269.888559093362;123.5;1;1;384.046636343315;2.8126571292096;0.024438491228076;0.115883131673012;0.32285336342549;5;3.23889232187803;3.33154601246707;1;3;0.672924661362788;-0.625527352033421;0.860324735980333;0.663629739390473;14.6460955978761;14800;966.623043712898;371.5;1;4;1521.42144704846;3.27207717692558;3706;1000207;6040;0.059637950929025;0.170128755633584;-0.35197999127671;5;3.58156361633142;4;1;4;1.11710191055342;-0.553608895790513;0.472116406523552;0.528626071919669;11.1872709829674;2314;165.597185430464;96;20;21;192.747224254247;2.74327972091171;0.0071097228698025;0.064372097176973;1.06572399564627;4.96296296296296;3.70270609203053;3.73529411764706;1.01538461538462;4;0.42962347877208;-0.578265147053833;0.446524925751639;0.51495647803847;11.5945360807425;8219;593.096854304636;350;50;83;661.317342615244;2.69150511523536;0.955316463726265
movielens20m.csv;2.00991834713542;0.902942490439492;110.26548669781;67310;747.841048459468;18;1;1;3085.81791326365;8.95216352099623;0.0231950367980693;0.107890275253068;1.46544369630545;5;3.33193160252481;3.42307692307692;1;3;0.663216764940622;-0.807813284514191;2.05702960640599;0.908687283279923;136.696476142578;287619;2732.57059527371;59;1;3;11956.4597483743;9.86996731999358;26744;20000261;138493;0.0514965193772965;0.155604661611151;-0.0307649149530933;5;3.65394571600841;4;1;4;1.05670220672281;-0.646020830271491;0.587076740999303;0.580701496094716;81.0602891977841;9254;144.413515484537;68;20;20;230.267255141211;6.17212954308563;0.00752831581039535;0.0661633807818057;1.22567563553334;5;3.72863307300558;3.75141242937853;1;4;0.444790907817483;-0.548424633773192;0.56954740207005;0.57328082477094;70.9263071455044;31538;527.679146238438;255;20;88;804.678675393642;5.72797849743371;0.994600152726423
movielens_latest.csv;2.02434723612955;0.904717033033108;113.93959262693;72686;786.553866835953;18;1;1;3269.51409479333;9.04843843506798;0.0231761127856539;0.107797770486913;1.48450237270824;5;3.33168138406854;3.42276422764228;1;3;0.662779172948403;-0.808542984217204;2.06987857334914;0.910169620830246;141.277540898836;308185;2870.60842451174;60;1;3;12631.9761907708;9.98055897052078;26779;21063126;229060;0.0521987637486057;0.156650592747083;-0.0450701977974579;5;3.64960182073639;4;1;4;1.06191494025678;-0.645421653337396;0.871856283018448;0.683983590682377;113.111465536708;9254;91.9546232428185;29;1;15;190.532462039806;7.30191107574213;0.0118988576910938;0.0795872133397043;2.11650589212125;5;3.66650667985623;3.70833333333333;1;4;0.53662277457344;-0.784117810722068;0.865217200051582;0.68168375174907;97.5637871677637;31538;335.597760412119;106;1;55;669.633477050061;6.74402344742508;0.996566166651375
movietweetings_latest.csv;1.62005146538855;0.854737291000961;246.662062452656;2907;18.3944646483729;2;1;1;95.9568154942164;13.7611391888328;0.0353129056000595;0.131056692358467;0.728904689150708;5;3.65792184157082;4;1;4;0.882764313339502;-0.776003885007123;1.67374417564623;0.864363141285817;281.716673234173;12655;71.4169461106126;7;1;4;390.214137828232;14.6704668969767;21173;389466;37029;0.0350123209635558;0.124646433045751;0.730796849062736;5;3.88252376330668;4;1;4;0.928712302256863;-0.847276682101379;1.14734387481566;0.762147158406453;154.491914349858;965;10.5178643765697;2;1;1;29.8299379488396;9.36497849646626;0.0267227535453034;0.105409242449794;2.74421595509826;5;4.14583666998527;4.06666666666667;1;5;0.842447881902624;-1.3918559569384;1.10897084606101;0.753310326440541;152.546817866034;3668;40.8358583812687;8;1;5;111.772969806611;9.23020944977707;0.999503241657934
movietweetings_recsys2014.csv;1.5233637870161;0.834136572342808;343.290855524708;2549;13.9423267490256;2;1;1;78.4876349703449;16.3541799424109;0.0367697878787889;0.133466356226026;6.14905395724383;15;3.72216704415674;4;1;4;0.940156240717359;0.0310059116903625;1.57542256168684;0.845045916975129;391.874251428938;11360;54.6871242650459;7;1;4;321.894586600076;17.4256464100293;15137;211045;24914;0.034403094506397;0.123672505090389;0.73456662582746;5;3.89034368347095;4;1;4;0.923613938912799;-0.845067751976491;0.978804340363604;0.717325105149366;117.447234784668;595;8.47094003371598;2;1;1;20.4391334669285;8.16882169330699;0.0288142239261887;0.107142858298559;2795.0232373261;114.5;4.18746501885402;4.02777777777778;1;5;1.21939148497542;33.8038929044776;0.942342783172129;0.707435132499136;130.904533757996;2358;33.2262583286506;9;1;5;78.1407344097424;8.45650351836338;0.999440381843581
tripadvisor.csv;0.894629337001044;0.682287533873955;69.7841904731576;4652;119.049779458097;43;1;1;238.208209113955;6.59539451531362;0.0638781149229213;0.162497131439776;339.913898295791;77;3.89158897408635;3.88687448728466;1;4;2.01931060948694;13.862662105182;0.942254734471371;0.696200620654753;71.2019872789409;19917;478.93234089477;160;1;4;972.171698079074;6.56955479588182;12696;1511456;778529;0.0611148649771587;0.155646143956207;0.305873906500268;5;3.9551036921738;4;1;5;1.18811432105166;-1.09306503100437;0.238380710909951;0.359316137625706;139992.740911355;1408;1.94142543180794;1;1;1;2.44728919126623;246.467294831186;0.0636500979826061;0.161013607578215;4.42272989736735;45.8053977272727;3.96000329201393;4;1;5;1.23647653932355;-0.528116751475407;0.317196805718655;0.419921825513662;760595.670839886;64494;7.81027424797279;5;1;5;73.5121508239874;867.065269835721;0.999847083693147
yahoo-movies.csv;1.6142794483034;0.852759207811384;474.056784014692;4295;18.5767875125881;2;1;1;108.967152222517;18.6402026491189;0.0545976190835018;0.146151360730278;1.03929063577375;6.66666666666667;3.96855315860449;4.18795289855072;1;5;1.11204493605496;-1.30046581397553;1.64717475426431;0.858952124843652;595.805347343657;19907;76.0062101376301;9;1;5;454.642530745796;20.4721155695419;11916;221361;7642;0.0627129224616292;0.145655792545714;0.951876366297228;5;4.09140601001066;5;1;5;1.20830555220624;-1.3811408754028;0.379821331660299;0.443908764714432;373.08835697745;1632;28.9663700601937;17;10;12;52.7076127615228;15.7672923153584;0.0123420109774739;0.0778019262388701;2.66303222589265;5;4.09957207668398;4.19047619047619;1;4;0.59943519315736;-1.28703092500691;0.387335082518563;0.451677071293508;317.569009588421;5936;118.514786705051;70;11;55;210.86239088612;14.4944658964029;0.997569119665979
yahoo-music.csv;1.47406529213911;0.83201167849418;75.6103893998263;2500;35.0051010587103;6;1;1;126.910983758692;7.70406335984577;0.112908709735153;0.264084810296841;-0.817670628399811;5;2.70602234354574;2.54838709677419;1;1;1.26040112232791;0.432843738234091;1.6861247490041;0.868594521544898;87.8121214201836;9958;113.878633301251;12;1;5;470.865924680864;8.27741634025443;10390;363703;6131;0.180471625779535;0.289008490702658;-1.66626155818977;5;3.25320110089826;4;1;5;1.73516310657633;-0.282853336089793;0.907278555743501;0.682201709501992;138.483563613913;3123;59.3219703147937;24;1;1;132.86214226315;9.28034320972235;0.0370849815313588;0.127668404669335;0.460094416183161;5;4.1383201542139;4.50735294117647;1;5;1.00564989799369;-1.16714454999893;0.738440474436827;0.621060116976051;373.35001356163;13641;192.986299135541;100;1;5;356.36238609046;13.025154447093;0.994290474464409
yelp.csv;0.981029394481343;0.714589974073508;489.21385699731;4924;27.9637644494609;8;1;3;87.3329740929419;16.4542919851456;0.0407498471830125;0.148435095501236;4.68050862718741;25;3.79786943347133;3.88888888888889;1;5;1.0193828361521;-0.0237446033217959;1.02271890323357;0.726403050687101;529.09566911446;20899;108.435449344179;30;1;15;347.067772369808;16.7914915001655;77079;2155419;552338;0.0898837189153777;0.193454606972942;-0.539909341563866;5;3.7560914448113;4;1;5;1.36651791907763;-0.856248056771754;0.763519055935142;0.622791061723286;1397.62354275413;1334;3.90235507967947;1;1;1;12.9984513629469;26.5358491178537;0.0938609265997389;0.201567506812927;5.65127435533789;47.5;3.78301340753561;4;1;5;1.44349652144309;-0.106383503323475;0.841443064391975;0.656801510669636;1359.25622210992;5290;15.1322125220427;5;1;5;52.1611419481782;26.5725177557384;0.999949372006906
